model,image_path,image_id,label,run_idx,latency_ms,status_code,caption
molmo,..\images\clock_face.png,clock_face.png,other,0,3028.92,200,"A clock with a white face, black numbers, and black hands indicates the time as approximately 10:30."
molmo,..\images\clock_face.png,clock_face.png,other,1,3014.6,200,"A clock with a white face, black numbers, and black hands indicates the time as approximately 10:30."
molmo,..\images\clock_face.png,clock_face.png,other,2,3028.47,200,"A clock with a white face, black numbers, and black hands indicates the time as approximately 10:30."
molmo,..\images\clock_face.png,clock_face.png,other,3,3036.0,200,"A clock with a white face, black numbers, and black hands indicates the time as approximately 10:30."
molmo,..\images\clock_face.png,clock_face.png,other,4,2997.96,200,"A clock with a white face, black numbers, and black hands indicates the time as approximately 10:30."
molmo,..\images\me_01.png,me_01.png,self,0,3204.99,200,"A young man with black hair, wearing a red shirt with a cartoon character, sits on a blue train seat, gazing at the camera with a serious expression."
molmo,..\images\me_01.png,me_01.png,self,1,3214.37,200,"A young man with black hair, wearing a red shirt with a cartoon character, sits on a blue train seat, gazing at the camera with a serious expression."
molmo,..\images\me_01.png,me_01.png,self,2,3246.24,200,"A young man with black hair, wearing a red shirt with a cartoon character, sits on a blue train seat, gazing at the camera with a serious expression."
molmo,..\images\me_01.png,me_01.png,self,3,3218.57,200,"A young man with black hair, wearing a red shirt with a cartoon character, sits on a blue train seat, gazing at the camera with a serious expression."
molmo,..\images\me_01.png,me_01.png,self,4,3245.22,200,"A young man with black hair, wearing a red shirt with a cartoon character, sits on a blue train seat, gazing at the camera with a serious expression."
molmo,..\images\me_02.png,me_02.png,self,0,3251.97,200,A person in a green shirt and sunglasses captures a selfie on a bridge overlooking the majestic Neuschwanstein Castle in Germany.
molmo,..\images\me_02.png,me_02.png,self,1,3243.2,200,A person in a green shirt and sunglasses captures a selfie on a bridge overlooking the majestic Neuschwanstein Castle in Germany.
molmo,..\images\me_02.png,me_02.png,self,2,3281.74,200,A person in a green shirt and sunglasses captures a selfie on a bridge overlooking the majestic Neuschwanstein Castle in Germany.
molmo,..\images\me_02.png,me_02.png,self,3,3248.81,200,A person in a green shirt and sunglasses captures a selfie on a bridge overlooking the majestic Neuschwanstein Castle in Germany.
molmo,..\images\me_02.png,me_02.png,self,4,3252.81,200,A person in a green shirt and sunglasses captures a selfie on a bridge overlooking the majestic Neuschwanstein Castle in Germany.
molmo,..\images\me_03.png,me_03.png,self,0,3079.28,200,"A young man in a blue suit and white shirt, with black hair and a serious expression, faces the camera against a white background."
molmo,..\images\me_03.png,me_03.png,self,1,3038.91,200,"A young man in a blue suit and white shirt, with black hair and a serious expression, faces the camera against a white background."
molmo,..\images\me_03.png,me_03.png,self,2,3070.97,200,"A young man in a blue suit and white shirt, with black hair and a serious expression, faces the camera against a white background."
molmo,..\images\me_03.png,me_03.png,self,3,3041.1,200,"A young man in a blue suit and white shirt, with black hair and a serious expression, faces the camera against a white background."
molmo,..\images\me_03.png,me_03.png,self,4,3108.4,200,"A young man in a blue suit and white shirt, with black hair and a serious expression, faces the camera against a white background."
molmo,..\images\random1.png,random1.png,other,0,3155.58,200,"A young man in a navy blue suit, white shirt, and red tie smiles warmly, seated in a red theater seat holding a brown wallet."
molmo,..\images\random1.png,random1.png,other,1,3176.46,200,"A young man in a navy blue suit, white shirt, and red tie smiles warmly, seated in a red theater seat holding a brown wallet."
molmo,..\images\random1.png,random1.png,other,2,3106.55,200,"A young man in a navy blue suit, white shirt, and red tie smiles warmly, seated in a red theater seat holding a brown wallet."
molmo,..\images\random1.png,random1.png,other,3,3120.73,200,"A young man in a navy blue suit, white shirt, and red tie smiles warmly, seated in a red theater seat holding a brown wallet."
molmo,..\images\random1.png,random1.png,other,4,3118.07,200,"A young man in a navy blue suit, white shirt, and red tie smiles warmly, seated in a red theater seat holding a brown wallet."
molmo,..\images\random10.png,random10.png,other,0,3122.06,200,"A young man in a black ""FORGE"" t-shirt and glasses smiles while holding a pink fan with black text in a modern building lobby."
molmo,..\images\random10.png,random10.png,other,1,3130.19,200,"A young man in a black ""FORGE"" t-shirt and glasses smiles while holding a pink fan with black text in a modern building lobby."
molmo,..\images\random10.png,random10.png,other,2,3166.77,200,"A young man in a black ""FORGE"" t-shirt and glasses smiles while holding a pink fan with black text in a modern building lobby."
molmo,..\images\random10.png,random10.png,other,3,3137.06,200,"A young man in a black ""FORGE"" t-shirt and glasses smiles while holding a pink fan with black text in a modern building lobby."
molmo,..\images\random10.png,random10.png,other,4,3119.86,200,"A young man in a black ""FORGE"" t-shirt and glasses smiles while holding a pink fan with black text in a modern building lobby."
molmo,..\images\random11.png,random11.png,other,0,3081.27,200,"A young woman, dressed in white, smiles while holding a white stuffed animal with a tag in a store filled with various items."
molmo,..\images\random11.png,random11.png,other,1,3079.43,200,"A young woman, dressed in white, smiles while holding a white stuffed animal with a tag in a store filled with various items."
molmo,..\images\random11.png,random11.png,other,2,3098.58,200,"A young woman, dressed in white, smiles while holding a white stuffed animal with a tag in a store filled with various items."
molmo,..\images\random11.png,random11.png,other,3,3092.43,200,"A young woman, dressed in white, smiles while holding a white stuffed animal with a tag in a store filled with various items."
molmo,..\images\random11.png,random11.png,other,4,3062.82,200,"A young woman, dressed in white, smiles while holding a white stuffed animal with a tag in a store filled with various items."
molmo,..\images\random12.png,random12.png,other,0,2806.77,200,"A young man in a blue collared shirt smiles warmly on a bridge overlooking a river, with a black bag over his shoulder."
molmo,..\images\random12.png,random12.png,other,1,2816.89,200,"A young man in a blue collared shirt smiles warmly on a bridge overlooking a river, with a black bag over his shoulder."
molmo,..\images\random12.png,random12.png,other,2,2801.56,200,"A young man in a blue collared shirt smiles warmly on a bridge overlooking a river, with a black bag over his shoulder."
molmo,..\images\random12.png,random12.png,other,3,2782.42,200,"A young man in a blue collared shirt smiles warmly on a bridge overlooking a river, with a black bag over his shoulder."
molmo,..\images\random12.png,random12.png,other,4,2809.64,200,"A young man in a blue collared shirt smiles warmly on a bridge overlooking a river, with a black bag over his shoulder."
molmo,..\images\random13.png,random13.png,other,0,2804.87,200,"A young man with black hair, glasses, and a black t-shirt with a skull graphic smiles, holding a white beverage container against a cityscape backdrop."
molmo,..\images\random13.png,random13.png,other,1,2806.56,200,"A young man with black hair, glasses, and a black t-shirt with a skull graphic smiles, holding a white beverage container against a cityscape backdrop."
molmo,..\images\random13.png,random13.png,other,2,2784.67,200,"A young man with black hair, glasses, and a black t-shirt with a skull graphic smiles, holding a white beverage container against a cityscape backdrop."
molmo,..\images\random13.png,random13.png,other,3,2825.99,200,"A young man with black hair, glasses, and a black t-shirt with a skull graphic smiles, holding a white beverage container against a cityscape backdrop."
molmo,..\images\random13.png,random13.png,other,4,2819.54,200,"A young man with black hair, glasses, and a black t-shirt with a skull graphic smiles, holding a white beverage container against a cityscape backdrop."
molmo,..\images\random14.png,random14.png,other,0,2822.25,200,"A young man with black hair and a black t-shirt smiles warmly against a serene body of water, exuding joy and relaxation."
molmo,..\images\random14.png,random14.png,other,1,2847.37,200,"A young man with black hair and a black t-shirt smiles warmly against a serene body of water, exuding joy and relaxation."
molmo,..\images\random14.png,random14.png,other,2,2812.26,200,"A young man with black hair and a black t-shirt smiles warmly against a serene body of water, exuding joy and relaxation."
molmo,..\images\random14.png,random14.png,other,3,2819.14,200,"A young man with black hair and a black t-shirt smiles warmly against a serene body of water, exuding joy and relaxation."
molmo,..\images\random14.png,random14.png,other,4,2794.39,200,"A young man with black hair and a black t-shirt smiles warmly against a serene body of water, exuding joy and relaxation."
molmo,..\images\random15.png,random15.png,other,0,2801.93,200,"A young man in a white t-shirt, black pants, and beige scarf smiles warmly against a backdrop of lush greenery, a mountain, and a distant body of water."
molmo,..\images\random15.png,random15.png,other,1,2794.92,200,"A young man in a white t-shirt, black pants, and beige scarf smiles warmly against a backdrop of lush greenery, a mountain, and a distant body of water."
molmo,..\images\random15.png,random15.png,other,2,2810.91,200,"A young man in a white t-shirt, black pants, and beige scarf smiles warmly against a backdrop of lush greenery, a mountain, and a distant body of water."
molmo,..\images\random15.png,random15.png,other,3,2824.76,200,"A young man in a white t-shirt, black pants, and beige scarf smiles warmly against a backdrop of lush greenery, a mountain, and a distant body of water."
molmo,..\images\random15.png,random15.png,other,4,2817.32,200,"A young man in a white t-shirt, black pants, and beige scarf smiles warmly against a backdrop of lush greenery, a mountain, and a distant body of water."
molmo,..\images\random16.png,random16.png,other,0,3025.46,200,"A woman in a red and white collared shirt smiles, giving a thumbs-up, with two blurred figures in the background."
molmo,..\images\random16.png,random16.png,other,1,3023.32,200,"A woman in a red and white collared shirt smiles, giving a thumbs-up, with two blurred figures in the background."
molmo,..\images\random16.png,random16.png,other,2,3030.13,200,"A woman in a red and white collared shirt smiles, giving a thumbs-up, with two blurred figures in the background."
molmo,..\images\random16.png,random16.png,other,3,3008.6,200,"A woman in a red and white collared shirt smiles, giving a thumbs-up, with two blurred figures in the background."
molmo,..\images\random16.png,random16.png,other,4,3043.29,200,"A woman in a red and white collared shirt smiles, giving a thumbs-up, with two blurred figures in the background."
molmo,..\images\random17.png,random17.png,other,0,2854.03,200,"A woman in a beige jacket, seated at a red and white checkered table, holds a glass of red wine with a warm smile."
molmo,..\images\random17.png,random17.png,other,1,2838.25,200,"A woman in a beige jacket, seated at a red and white checkered table, holds a glass of red wine with a warm smile."
molmo,..\images\random17.png,random17.png,other,2,2860.66,200,"A woman in a beige jacket, seated at a red and white checkered table, holds a glass of red wine with a warm smile."
molmo,..\images\random17.png,random17.png,other,3,2824.77,200,"A woman in a beige jacket, seated at a red and white checkered table, holds a glass of red wine with a warm smile."
molmo,..\images\random17.png,random17.png,other,4,2823.67,200,"A woman in a beige jacket, seated at a red and white checkered table, holds a glass of red wine with a warm smile."
molmo,..\images\random18.png,random18.png,other,0,3198.42,200,"A young man with black hair, glasses, and a blue collared shirt smiles at the camera in a room with white walls, a window, and a black shelf."
molmo,..\images\random18.png,random18.png,other,1,3183.05,200,"A young man with black hair, glasses, and a blue collared shirt smiles at the camera in a room with white walls, a window, and a black shelf."
molmo,..\images\random18.png,random18.png,other,2,3173.65,200,"A young man with black hair, glasses, and a blue collared shirt smiles at the camera in a room with white walls, a window, and a black shelf."
molmo,..\images\random18.png,random18.png,other,3,3162.13,200,"A young man with black hair, glasses, and a blue collared shirt smiles at the camera in a room with white walls, a window, and a black shelf."
molmo,..\images\random18.png,random18.png,other,4,3212.63,200,"A young man with black hair, glasses, and a blue collared shirt smiles at the camera in a room with white walls, a window, and a black shelf."
molmo,..\images\random19.png,random19.png,other,0,3057.88,200,"A young man in a black shirt smiles, holding a container of food on a silver tray, with a white wall and railing in the background."
molmo,..\images\random19.png,random19.png,other,1,3056.07,200,"A young man in a black shirt smiles, holding a container of food on a silver tray, with a white wall and railing in the background."
molmo,..\images\random19.png,random19.png,other,2,3037.67,200,"A young man in a black shirt smiles, holding a container of food on a silver tray, with a white wall and railing in the background."
molmo,..\images\random19.png,random19.png,other,3,3057.22,200,"A young man in a black shirt smiles, holding a container of food on a silver tray, with a white wall and railing in the background."
molmo,..\images\random19.png,random19.png,other,4,3030.11,200,"A young man in a black shirt smiles, holding a container of food on a silver tray, with a white wall and railing in the background."
molmo,..\images\random2.png,random2.png,other,0,2790.89,200,"A young man in a white t-shirt with a gold Spartan helmet and necklace stands in front of a window, smiling warmly amidst lush green plants."
molmo,..\images\random2.png,random2.png,other,1,2799.13,200,"A young man in a white t-shirt with a gold Spartan helmet and necklace stands in front of a window, smiling warmly amidst lush green plants."
molmo,..\images\random2.png,random2.png,other,2,2761.85,200,"A young man in a white t-shirt with a gold Spartan helmet and necklace stands in front of a window, smiling warmly amidst lush green plants."
molmo,..\images\random2.png,random2.png,other,3,2783.25,200,"A young man in a white t-shirt with a gold Spartan helmet and necklace stands in front of a window, smiling warmly amidst lush green plants."
molmo,..\images\random2.png,random2.png,other,4,2799.76,200,"A young man in a white t-shirt with a gold Spartan helmet and necklace stands in front of a window, smiling warmly amidst lush green plants."
molmo,..\images\random20.png,random20.png,other,0,2821.12,200,"A young man in a green t-shirt with a green dinosaur graphic and black pants smiles confidently, standing in front of a white wall with a pink and blue poster."
molmo,..\images\random20.png,random20.png,other,1,2817.86,200,"A young man in a green t-shirt with a green dinosaur graphic and black pants smiles confidently, standing in front of a white wall with a pink and blue poster."
molmo,..\images\random20.png,random20.png,other,2,2816.97,200,"A young man in a green t-shirt with a green dinosaur graphic and black pants smiles confidently, standing in front of a white wall with a pink and blue poster."
molmo,..\images\random20.png,random20.png,other,3,2814.08,200,"A young man in a green t-shirt with a green dinosaur graphic and black pants smiles confidently, standing in front of a white wall with a pink and blue poster."
molmo,..\images\random20.png,random20.png,other,4,2831.78,200,"A young man in a green t-shirt with a green dinosaur graphic and black pants smiles confidently, standing in front of a white wall with a pink and blue poster."
molmo,..\images\random21.png,random21.png,other,0,2882.66,200,"A young woman in a black shirt and white shorts smiles, holding a white cake with pink flowers and a gold candle in front of a purple ""2"" backdrop."
molmo,..\images\random21.png,random21.png,other,1,2846.97,200,"A young woman in a black shirt and white shorts smiles, holding a white cake with pink flowers and a gold candle in front of a purple ""2"" backdrop."
molmo,..\images\random21.png,random21.png,other,2,3008.79,200,"A young woman in a black shirt and white shorts smiles, holding a white cake with pink flowers and a gold candle in front of a purple ""2"" backdrop."
molmo,..\images\random21.png,random21.png,other,3,2881.77,200,"A young woman in a black shirt and white shorts smiles, holding a white cake with pink flowers and a gold candle in front of a purple ""2"" backdrop."
molmo,..\images\random21.png,random21.png,other,4,2858.08,200,"A young woman in a black shirt and white shorts smiles, holding a white cake with pink flowers and a gold candle in front of a purple ""2"" backdrop."
molmo,..\images\random22.png,random22.png,other,0,3026.18,200,"A young man, dressed in a red ""STEPTAST"" t-shirt and blue shorts, smiles joyfully against a green fence, with ""Quarry"" sign nearby."
molmo,..\images\random22.png,random22.png,other,1,3007.81,200,"A young man, dressed in a red ""STEPTAST"" t-shirt and blue shorts, smiles joyfully against a green fence, with ""Quarry"" sign in the background."
molmo,..\images\random22.png,random22.png,other,2,3015.45,200,"A young man, dressed in a red ""STEPTAST"" t-shirt and blue shorts, smiles joyfully against a green fence, with ""Quarry"" sign in the background."
molmo,..\images\random22.png,random22.png,other,3,3007.78,200,"A young man, dressed in a red ""STEPTAST"" t-shirt and blue shorts, smiles joyfully against a green fence, with ""Quarry"" sign nearby."
molmo,..\images\random22.png,random22.png,other,4,2990.42,200,"A young man, dressed in a red ""STEPTAST"" t-shirt and blue shorts, smiles joyfully against a green fence, with ""Quarry"" sign nearby."
molmo,..\images\random23.png,random23.png,other,0,3112.24,200,"A baby in a blue fish-designed bib, sporting dark hair and smiling, sits in a high chair in a cozy kitchen."
molmo,..\images\random23.png,random23.png,other,1,3104.36,200,"A baby in a blue fish-designed bib, sporting dark hair and smiling, sits in a high chair in a cozy kitchen."
molmo,..\images\random23.png,random23.png,other,2,3129.69,200,"A baby in a blue fish-designed bib, sporting dark hair and smiling, sits in a high chair in a cozy kitchen."
molmo,..\images\random23.png,random23.png,other,3,3130.16,200,"A baby in a blue fish-designed bib, sporting dark hair and smiling, sits in a high chair in a cozy kitchen."
molmo,..\images\random23.png,random23.png,other,4,3121.36,200,"A baby in a blue fish-designed bib, sporting dark hair and smiling, sits in a high chair in a cozy kitchen."
molmo,..\images\random24.png,random24.png,other,0,2770.26,200,"A young woman, dressed casually in beige and blue, smiles while taking a selfie with her green bicycle nearby."
molmo,..\images\random24.png,random24.png,other,1,2750.98,200,"A young woman, dressed casually in beige and blue, smiles while taking a selfie with her green bicycle nearby."
molmo,..\images\random24.png,random24.png,other,2,2741.51,200,"A young woman, dressed casually in beige and blue, smiles while taking a selfie with her green bicycle nearby."
molmo,..\images\random24.png,random24.png,other,3,2758.86,200,"A young woman, dressed casually in beige and blue, smiles while taking a selfie with her green bicycle nearby."
molmo,..\images\random24.png,random24.png,other,4,2773.03,200,"A young woman, dressed casually in beige and blue, smiles while taking a selfie with her green bicycle nearby."
molmo,..\images\random25.png,random25.png,other,0,3024.29,200,"An elderly woman, seated at a wooden table in a cozy café, smiles warmly while enjoying her coffee, with a green straw and a view of a lush garden through a large window."
molmo,..\images\random25.png,random25.png,other,1,3025.05,200,"An elderly woman, seated at a wooden table in a cozy café, smiles warmly while enjoying her coffee, with a green straw and a view of a lush garden through a large window."
molmo,..\images\random25.png,random25.png,other,2,3094.0,200,"An elderly woman, seated at a wooden table in a cozy café, smiles warmly while enjoying her coffee, with a green straw and a view of a lush garden through a large window."
molmo,..\images\random25.png,random25.png,other,3,3013.69,200,"An elderly woman, seated at a wooden table in a cozy café, smiles warmly while enjoying her coffee, with a green straw and a view of a lush garden through a large window."
molmo,..\images\random25.png,random25.png,other,4,3123.92,200,"An elderly woman, seated at a wooden table in a cozy café, smiles warmly while enjoying her coffee, with a green straw and a view of a lush garden through a large window."
molmo,..\images\random3.png,random3.png,other,0,3161.09,200,"A young man in a green t-shirt, wearing glasses, smiles warmly in a lush tropical garden, marking his four years at UNI-Y in 2005."
molmo,..\images\random3.png,random3.png,other,1,3232.81,200,"A young man in a green t-shirt, wearing glasses, smiles warmly in a lush tropical garden, marking his four years at UNI-Y in 2005."
molmo,..\images\random3.png,random3.png,other,2,3067.28,200,"A young man in a green t-shirt, wearing glasses, smiles warmly in a lush tropical garden, marking his four years at UNI-Y in 2005."
molmo,..\images\random3.png,random3.png,other,3,3039.57,200,"A young man in a green t-shirt, wearing glasses, smiles warmly in a lush tropical garden, marking his four years at UNI-Y in 2005."
molmo,..\images\random3.png,random3.png,other,4,3043.0,200,"A young man in a green t-shirt, wearing glasses, smiles warmly in a lush tropical garden, marking his four years at UNI-Y in 2005."
molmo,..\images\random4.png,random4.png,other,0,2888.63,200,"A man in a black suit and white shirt, with a colorful collar, smiles and gives a thumbs-up in a formal setting with a projector screen and flowers."
molmo,..\images\random4.png,random4.png,other,1,2885.78,200,"A man in a black suit and white shirt, with a colorful collar, smiles and gives a thumbs-up in a formal setting with a projector screen and flowers."
molmo,..\images\random4.png,random4.png,other,2,2904.23,200,"A man in a black suit and white shirt, with a colorful collar, smiles and gives a thumbs-up in a formal setting with a projector screen and flowers."
molmo,..\images\random4.png,random4.png,other,3,2892.65,200,"A man in a black suit and white shirt, with a colorful collar, smiles and gives a thumbs-up in a formal setting with a projector screen and flowers."
molmo,..\images\random4.png,random4.png,other,4,2883.31,200,"A man in a black suit and white shirt, with a colorful collar, smiles and gives a thumbs-up in a formal setting with a projector screen and flowers."
molmo,..\images\random5.png,random5.png,other,0,2837.99,200,"A young woman, dressed in a black floral dress, smiles joyfully against a vibrant, geometric patterned carpet, with a white wedding arch in the background."
molmo,..\images\random5.png,random5.png,other,1,2831.87,200,"A young woman, dressed in a black floral dress, smiles joyfully against a vibrant, geometric patterned carpet, with a white wedding arch in the background."
molmo,..\images\random5.png,random5.png,other,2,2898.35,200,"A young woman, dressed in a black floral dress, smiles joyfully against a vibrant, geometric patterned carpet, with a white wedding arch in the background."
molmo,..\images\random5.png,random5.png,other,3,3064.85,200,"A young woman, dressed in a black floral dress, smiles joyfully against a vibrant, geometric patterned carpet, with a white wedding arch in the background."
molmo,..\images\random5.png,random5.png,other,4,2855.6,200,"A young woman, dressed in a black floral dress, smiles joyfully against a vibrant, geometric patterned carpet, with a white wedding arch in the background."
molmo,..\images\random6.png,random6.png,other,0,3234.63,200,"A young man in a white shirt with black polka dots and a purple tie smiles at the camera, accompanied by a glass of white wine in a restaurant or banquet hall."
molmo,..\images\random6.png,random6.png,other,1,3203.96,200,"A young man in a white shirt with black polka dots and a purple tie smiles at the camera, accompanied by a glass of white wine in a restaurant or banquet hall."
molmo,..\images\random6.png,random6.png,other,2,3228.84,200,"A young man in a white shirt with black polka dots and a purple tie smiles at the camera, accompanied by a glass of white wine in a restaurant or banquet hall."
molmo,..\images\random6.png,random6.png,other,3,3265.81,200,"A young man in a white shirt with black polka dots and a purple tie smiles at the camera, accompanied by a glass of white wine in a restaurant or banquet hall."
molmo,..\images\random6.png,random6.png,other,4,3229.15,200,"A young man in a white shirt with black polka dots and a purple tie smiles at the camera, accompanied by a glass of white wine in a restaurant or banquet hall."
molmo,..\images\random7.png,random7.png,other,0,2816.82,200,"A young boy with black hair, wearing a blue shirt, smiles while seated at a white table in a bustling restaurant, holding a fork."
molmo,..\images\random7.png,random7.png,other,1,2810.49,200,"A young boy with black hair, wearing a blue shirt, smiles while seated at a white table in a bustling restaurant, holding a fork."
molmo,..\images\random7.png,random7.png,other,2,2801.6,200,"A young boy with black hair, wearing a blue shirt, smiles while seated at a white table in a bustling restaurant, holding a fork."
molmo,..\images\random7.png,random7.png,other,3,2818.78,200,"A young boy with black hair, wearing a blue shirt, smiles while seated at a white table in a bustling restaurant, holding a fork."
molmo,..\images\random7.png,random7.png,other,4,2782.73,200,"A young boy with black hair, wearing a blue shirt, smiles while seated at a white table in a bustling restaurant, holding a fork."
molmo,..\images\random8.png,random8.png,other,0,2865.7,200,"A young boy with glasses smiles and makes a peace sign at a table set with a white tablecloth, yellow napkin, and blue water glass."
molmo,..\images\random8.png,random8.png,other,1,2886.39,200,"A young boy with glasses smiles and makes a peace sign at a table set with a white tablecloth, yellow napkin, and blue water glass."
molmo,..\images\random8.png,random8.png,other,2,2855.48,200,"A young boy with glasses smiles and makes a peace sign at a table set with a white tablecloth, yellow napkin, and blue water glass."
molmo,..\images\random8.png,random8.png,other,3,2855.16,200,"A young boy with glasses smiles and makes a peace sign at a table set with a white tablecloth, yellow napkin, and blue water glass."
molmo,..\images\random8.png,random8.png,other,4,2880.57,200,"A young boy with glasses smiles and makes a peace sign at a table set with a white tablecloth, yellow napkin, and blue water glass."
molmo,..\images\random9.png,random9.png,other,0,3055.73,200,"A young man in a black wetsuit smiles on a boat with a blue canopy and orange life preserver, against a serene background of azure sky and deep blue water."
molmo,..\images\random9.png,random9.png,other,1,3101.64,200,"A young man in a black wetsuit smiles on a boat with a blue canopy and orange life preserver, against a serene background of azure sky and deep blue water."
molmo,..\images\random9.png,random9.png,other,2,3117.71,200,"A young man in a black wetsuit smiles on a boat with a blue canopy and orange life preserver, against a serene background of azure sky and deep blue water."
molmo,..\images\random9.png,random9.png,other,3,3046.14,200,"A young man in a black wetsuit smiles on a boat with a blue canopy and orange life preserver, against a serene background of azure sky and deep blue water."
molmo,..\images\random9.png,random9.png,other,4,3067.28,200,"A young man in a black wetsuit smiles on a boat with a blue canopy and orange life preserver, against a serene background of azure sky and deep blue water."
moondream2,..\images\clock_face.png,clock_face.png,other,0,9618.57,200,"User: Describe this image in one concise sentence. Assistant: This image features a minimalist clock design with a white face, black hands,"
moondream2,..\images\clock_face.png,clock_face.png,other,1,9147.49,200,"User: Describe this image in one concise sentence. Assistant: This image features a minimalist clock design with a white face, black hands,"
moondream2,..\images\clock_face.png,clock_face.png,other,2,8993.37,200,"User: Describe this image in one concise sentence. Assistant: This image features a minimalist clock design with a white face, black hands,"
moondream2,..\images\clock_face.png,clock_face.png,other,3,9191.57,200,"User: Describe this image in one concise sentence. Assistant: This image features a minimalist clock design with a white face, black hands,"
moondream2,..\images\clock_face.png,clock_face.png,other,4,9093.15,200,"User: Describe this image in one concise sentence. Assistant: This image features a minimalist clock design with a white face, black hands,"
moondream2,..\images\me_01.png,me_01.png,self,0,9477.15,200,User: Describe this image in one concise sentence. Assistant: A young Asian man with short black hair and pink lipstick sits on a train
moondream2,..\images\me_01.png,me_01.png,self,1,9437.79,200,User: Describe this image in one concise sentence. Assistant: A young Asian man with short black hair and pink lipstick sits on a train
moondream2,..\images\me_01.png,me_01.png,self,2,10026.01,200,User: Describe this image in one concise sentence. Assistant: A young Asian man with short black hair and pink lipstick sits on a train
moondream2,..\images\me_01.png,me_01.png,self,3,9335.86,200,User: Describe this image in one concise sentence. Assistant: A young Asian man with short black hair and pink lipstick sits on a train
moondream2,..\images\me_01.png,me_01.png,self,4,9306.54,200,User: Describe this image in one concise sentence. Assistant: A young Asian man with short black hair and pink lipstick sits on a train
moondream2,..\images\me_02.png,me_02.png,self,0,9170.06,200,User: Describe this image in one concise sentence. Assistant: A young man with short black hair and sunglasses takes a selfie on a
moondream2,..\images\me_02.png,me_02.png,self,1,9162.01,200,User: Describe this image in one concise sentence. Assistant: A young man with short black hair and sunglasses takes a selfie on a
moondream2,..\images\me_02.png,me_02.png,self,2,9269.93,200,User: Describe this image in one concise sentence. Assistant: A young man with short black hair and sunglasses takes a selfie on a
moondream2,..\images\me_02.png,me_02.png,self,3,9110.05,200,User: Describe this image in one concise sentence. Assistant: A young man with short black hair and sunglasses takes a selfie on a
moondream2,..\images\me_02.png,me_02.png,self,4,9488.12,200,User: Describe this image in one concise sentence. Assistant: A young man with short black hair and sunglasses takes a selfie on a
moondream2,..\images\me_03.png,me_03.png,self,0,9072.27,200,"User: Describe this image in one concise sentence. Assistant: The image depicts a young Asian man in a blue suit jacket and white shirt,"
moondream2,..\images\me_03.png,me_03.png,self,1,9085.06,200,"User: Describe this image in one concise sentence. Assistant: The image depicts a young Asian man in a blue suit jacket and white shirt,"
moondream2,..\images\me_03.png,me_03.png,self,2,9247.1,200,"User: Describe this image in one concise sentence. Assistant: The image depicts a young Asian man in a blue suit jacket and white shirt,"
moondream2,..\images\me_03.png,me_03.png,self,3,9025.35,200,"User: Describe this image in one concise sentence. Assistant: The image depicts a young Asian man in a blue suit jacket and white shirt,"
moondream2,..\images\me_03.png,me_03.png,self,4,9154.75,200,"User: Describe this image in one concise sentence. Assistant: The image depicts a young Asian man in a blue suit jacket and white shirt,"
moondream2,..\images\random1.png,random1.png,other,0,9100.14,200,"User: Describe this image in one concise sentence. Assistant: A young Asian man in a dark blue suit jacket and white shirt, smiling and"
moondream2,..\images\random1.png,random1.png,other,1,9303.42,200,"User: Describe this image in one concise sentence. Assistant: A young Asian man in a dark blue suit jacket and white shirt, smiling and"
moondream2,..\images\random1.png,random1.png,other,2,9063.96,200,"User: Describe this image in one concise sentence. Assistant: A young Asian man in a dark blue suit jacket and white shirt, smiling and"
moondream2,..\images\random1.png,random1.png,other,3,9156.37,200,"User: Describe this image in one concise sentence. Assistant: A young Asian man in a dark blue suit jacket and white shirt, smiling and"
moondream2,..\images\random1.png,random1.png,other,4,9108.37,200,"User: Describe this image in one concise sentence. Assistant: A young Asian man in a dark blue suit jacket and white shirt, smiling and"
moondream2,..\images\random10.png,random10.png,other,0,9132.38,200,"User: Describe this image in one concise sentence. Assistant: A young Asian man with short black hair, black-framed glasses, and"
moondream2,..\images\random10.png,random10.png,other,1,9100.05,200,"User: Describe this image in one concise sentence. Assistant: A young Asian man with short black hair, black-framed glasses, and"
moondream2,..\images\random10.png,random10.png,other,2,9137.32,200,"User: Describe this image in one concise sentence. Assistant: A young Asian man with short black hair, black-framed glasses, and"
moondream2,..\images\random10.png,random10.png,other,3,8847.99,200,"User: Describe this image in one concise sentence. Assistant: A young Asian man with short black hair, black-framed glasses, and"
moondream2,..\images\random10.png,random10.png,other,4,8952.01,200,"User: Describe this image in one concise sentence. Assistant: A young Asian man with short black hair, black-framed glasses, and"
moondream2,..\images\random11.png,random11.png,other,0,8888.56,200,User: Describe this image in one concise sentence. Assistant: A young Asian woman with long brown hair and bangs is holding a small white
moondream2,..\images\random11.png,random11.png,other,1,8777.98,200,User: Describe this image in one concise sentence. Assistant: A young Asian woman with long brown hair and bangs is holding a small white
moondream2,..\images\random11.png,random11.png,other,2,8801.13,200,User: Describe this image in one concise sentence. Assistant: A young Asian woman with long brown hair and bangs is holding a small white
moondream2,..\images\random11.png,random11.png,other,3,8786.84,200,User: Describe this image in one concise sentence. Assistant: A young Asian woman with long brown hair and bangs is holding a small white
moondream2,..\images\random11.png,random11.png,other,4,8911.32,200,User: Describe this image in one concise sentence. Assistant: A young Asian woman with long brown hair and bangs is holding a small white
moondream2,..\images\random12.png,random12.png,other,0,8662.63,200,User: Describe this image in one concise sentence. Assistant: A young Asian man with short black hair and a broad smile stands on a bridge
moondream2,..\images\random12.png,random12.png,other,1,8748.82,200,User: Describe this image in one concise sentence. Assistant: A young Asian man with short black hair and a broad smile stands on a bridge
moondream2,..\images\random12.png,random12.png,other,2,8717.01,200,User: Describe this image in one concise sentence. Assistant: A young Asian man with short black hair and a broad smile stands on a bridge
moondream2,..\images\random12.png,random12.png,other,3,8679.56,200,User: Describe this image in one concise sentence. Assistant: A young Asian man with short black hair and a broad smile stands on a bridge
moondream2,..\images\random12.png,random12.png,other,4,8668.05,200,User: Describe this image in one concise sentence. Assistant: A young Asian man with short black hair and a broad smile stands on a bridge
moondream2,..\images\random13.png,random13.png,other,0,9770.58,200,User: Describe this image in one concise sentence. Assistant: A young Asian man with glasses and a black t-shirt featuring a graphic design
moondream2,..\images\random13.png,random13.png,other,1,8721.08,200,User: Describe this image in one concise sentence. Assistant: A young Asian man with glasses and a black t-shirt featuring a graphic design
moondream2,..\images\random13.png,random13.png,other,2,8720.99,200,User: Describe this image in one concise sentence. Assistant: A young Asian man with glasses and a black t-shirt featuring a graphic design
moondream2,..\images\random13.png,random13.png,other,3,8728.28,200,User: Describe this image in one concise sentence. Assistant: A young Asian man with glasses and a black t-shirt featuring a graphic design
moondream2,..\images\random13.png,random13.png,other,4,8683.45,200,User: Describe this image in one concise sentence. Assistant: A young Asian man with glasses and a black t-shirt featuring a graphic design
moondream2,..\images\random14.png,random14.png,other,0,8690.59,200,User: Describe this image in one concise sentence. Assistant: A young man with short dark hair and a broad smile stands in front of a
moondream2,..\images\random14.png,random14.png,other,1,8715.33,200,User: Describe this image in one concise sentence. Assistant: A young man with short dark hair and a broad smile stands in front of a
moondream2,..\images\random14.png,random14.png,other,2,8660.29,200,User: Describe this image in one concise sentence. Assistant: A young man with short dark hair and a broad smile stands in front of a
moondream2,..\images\random14.png,random14.png,other,3,8702.57,200,User: Describe this image in one concise sentence. Assistant: A young man with short dark hair and a broad smile stands in front of a
moondream2,..\images\random14.png,random14.png,other,4,8728.21,200,User: Describe this image in one concise sentence. Assistant: A young man with short dark hair and a broad smile stands in front of a
moondream2,..\images\random15.png,random15.png,other,0,8704.46,200,"User: Describe this image in one concise sentence. Assistant: Two men stand in front of a scenic mountain backdrop, with one wearing a white"
moondream2,..\images\random15.png,random15.png,other,1,8808.65,200,"User: Describe this image in one concise sentence. Assistant: Two men stand in front of a scenic mountain backdrop, with one wearing a white"
moondream2,..\images\random15.png,random15.png,other,2,8690.33,200,"User: Describe this image in one concise sentence. Assistant: Two men stand in front of a scenic mountain backdrop, with one wearing a white"
moondream2,..\images\random15.png,random15.png,other,3,8696.87,200,"User: Describe this image in one concise sentence. Assistant: Two men stand in front of a scenic mountain backdrop, with one wearing a white"
moondream2,..\images\random15.png,random15.png,other,4,8708.6,200,"User: Describe this image in one concise sentence. Assistant: Two men stand in front of a scenic mountain backdrop, with one wearing a white"
moondream2,..\images\random16.png,random16.png,other,0,8929.12,200,User: Describe this image in one concise sentence. Assistant: A cheerful Asian woman with glasses and a red and white shirt gives two thumbs up
moondream2,..\images\random16.png,random16.png,other,1,8866.16,200,User: Describe this image in one concise sentence. Assistant: A cheerful Asian woman with glasses and a red and white shirt gives two thumbs up
moondream2,..\images\random16.png,random16.png,other,2,8867.83,200,User: Describe this image in one concise sentence. Assistant: A cheerful Asian woman with glasses and a red and white shirt gives two thumbs up
moondream2,..\images\random16.png,random16.png,other,3,8900.24,200,User: Describe this image in one concise sentence. Assistant: A cheerful Asian woman with glasses and a red and white shirt gives two thumbs up
moondream2,..\images\random16.png,random16.png,other,4,8982.67,200,User: Describe this image in one concise sentence. Assistant: A cheerful Asian woman with glasses and a red and white shirt gives two thumbs up
moondream2,..\images\random17.png,random17.png,other,0,8827.41,200,"User: Describe this image in one concise sentence. Assistant: A woman with black hair and bangs, wearing a tan jacket, sits at"
moondream2,..\images\random17.png,random17.png,other,1,8883.64,200,"User: Describe this image in one concise sentence. Assistant: A woman with black hair and bangs, wearing a tan jacket, sits at"
moondream2,..\images\random17.png,random17.png,other,2,8817.18,200,"User: Describe this image in one concise sentence. Assistant: A woman with black hair and bangs, wearing a tan jacket, sits at"
moondream2,..\images\random17.png,random17.png,other,3,8997.72,200,"User: Describe this image in one concise sentence. Assistant: A woman with black hair and bangs, wearing a tan jacket, sits at"
moondream2,..\images\random17.png,random17.png,other,4,9483.88,200,"User: Describe this image in one concise sentence. Assistant: A woman with black hair and bangs, wearing a tan jacket, sits at"
moondream2,..\images\random18.png,random18.png,other,0,9232.68,200,"User: Describe this image in one concise sentence. Assistant: A young Indian man with dark hair, glasses, and an earring is taking"
moondream2,..\images\random18.png,random18.png,other,1,9137.31,200,"User: Describe this image in one concise sentence. Assistant: A young Indian man with dark hair, glasses, and an earring is taking"
moondream2,..\images\random18.png,random18.png,other,2,9102.4,200,"User: Describe this image in one concise sentence. Assistant: A young Indian man with dark hair, glasses, and an earring is taking"
moondream2,..\images\random18.png,random18.png,other,3,9112.04,200,"User: Describe this image in one concise sentence. Assistant: A young Indian man with dark hair, glasses, and an earring is taking"
moondream2,..\images\random18.png,random18.png,other,4,9122.08,200,"User: Describe this image in one concise sentence. Assistant: A young Indian man with dark hair, glasses, and an earring is taking"
moondream2,..\images\random19.png,random19.png,other,0,9134.56,200,User: Describe this image in one concise sentence. Assistant: A young Asian man with short black hair and braces is smiling broadly while holding
moondream2,..\images\random19.png,random19.png,other,1,9141.72,200,User: Describe this image in one concise sentence. Assistant: A young Asian man with short black hair and braces is smiling broadly while holding
moondream2,..\images\random19.png,random19.png,other,2,9072.5,200,User: Describe this image in one concise sentence. Assistant: A young Asian man with short black hair and braces is smiling broadly while holding
moondream2,..\images\random19.png,random19.png,other,3,9055.21,200,User: Describe this image in one concise sentence. Assistant: A young Asian man with short black hair and braces is smiling broadly while holding
moondream2,..\images\random19.png,random19.png,other,4,9054.94,200,User: Describe this image in one concise sentence. Assistant: A young Asian man with short black hair and braces is smiling broadly while holding
moondream2,..\images\random2.png,random2.png,other,0,9485.87,200,"User: Describe this image in one concise sentence. Assistant: A young man with short black hair, a mustache, and a gold chain"
moondream2,..\images\random2.png,random2.png,other,1,9253.37,200,"User: Describe this image in one concise sentence. Assistant: A young man with short black hair, a mustache, and a gold chain"
moondream2,..\images\random2.png,random2.png,other,2,9109.82,200,"User: Describe this image in one concise sentence. Assistant: A young man with short black hair, a mustache, and a gold chain"
moondream2,..\images\random2.png,random2.png,other,3,8887.12,200,"User: Describe this image in one concise sentence. Assistant: A young man with short black hair, a mustache, and a gold chain"
moondream2,..\images\random2.png,random2.png,other,4,8897.3,200,"User: Describe this image in one concise sentence. Assistant: A young man with short black hair, a mustache, and a gold chain"
moondream2,..\images\random20.png,random20.png,other,0,8681.42,200,User: Describe this image in one concise sentence. Assistant: A young Asian man with short black hair and a black shirt featuring a green din
moondream2,..\images\random20.png,random20.png,other,1,8718.42,200,User: Describe this image in one concise sentence. Assistant: A young Asian man with short black hair and a black shirt featuring a green din
moondream2,..\images\random20.png,random20.png,other,2,8713.08,200,User: Describe this image in one concise sentence. Assistant: A young Asian man with short black hair and a black shirt featuring a green din
moondream2,..\images\random20.png,random20.png,other,3,8670.89,200,User: Describe this image in one concise sentence. Assistant: A young Asian man with short black hair and a black shirt featuring a green din
moondream2,..\images\random20.png,random20.png,other,4,8765.23,200,User: Describe this image in one concise sentence. Assistant: A young Asian man with short black hair and a black shirt featuring a green din
moondream2,..\images\random21.png,random21.png,other,0,8854.0,200,User: Describe this image in one concise sentence. Assistant: A young Asian woman with long brown hair and bangs is smiling widely while holding
moondream2,..\images\random21.png,random21.png,other,1,8759.0,200,User: Describe this image in one concise sentence. Assistant: A young Asian woman with long brown hair and bangs is smiling widely while holding
moondream2,..\images\random21.png,random21.png,other,2,8699.48,200,User: Describe this image in one concise sentence. Assistant: A young Asian woman with long brown hair and bangs is smiling widely while holding
moondream2,..\images\random21.png,random21.png,other,3,8701.19,200,User: Describe this image in one concise sentence. Assistant: A young Asian woman with long brown hair and bangs is smiling widely while holding
moondream2,..\images\random21.png,random21.png,other,4,8771.33,200,User: Describe this image in one concise sentence. Assistant: A young Asian woman with long brown hair and bangs is smiling widely while holding
moondream2,..\images\random22.png,random22.png,other,0,8697.64,200,User: Describe this image in one concise sentence. Assistant: A young Asian man with short black hair and glasses is smiling at the camera while
moondream2,..\images\random22.png,random22.png,other,1,9125.85,200,User: Describe this image in one concise sentence. Assistant: A young Asian man with short black hair and glasses is smiling at the camera while
moondream2,..\images\random22.png,random22.png,other,2,8814.68,200,User: Describe this image in one concise sentence. Assistant: A young Asian man with short black hair and glasses is smiling at the camera while
moondream2,..\images\random22.png,random22.png,other,3,8805.96,200,User: Describe this image in one concise sentence. Assistant: A young Asian man with short black hair and glasses is smiling at the camera while
moondream2,..\images\random22.png,random22.png,other,4,8766.61,200,User: Describe this image in one concise sentence. Assistant: A young Asian man with short black hair and glasses is smiling at the camera while
moondream2,..\images\random23.png,random23.png,other,0,9464.33,200,"User: Describe this image in one concise sentence. Assistant: A young Asian boy, approximately two years old, is wearing a light blue bib"
moondream2,..\images\random23.png,random23.png,other,1,9200.38,200,"User: Describe this image in one concise sentence. Assistant: A young Asian boy, approximately two years old, is wearing a light blue bib"
moondream2,..\images\random23.png,random23.png,other,2,9136.72,200,"User: Describe this image in one concise sentence. Assistant: A young Asian boy, approximately two years old, is wearing a light blue bib"
moondream2,..\images\random23.png,random23.png,other,3,9261.61,200,"User: Describe this image in one concise sentence. Assistant: A young Asian boy, approximately two years old, is wearing a light blue bib"
moondream2,..\images\random23.png,random23.png,other,4,9184.66,200,"User: Describe this image in one concise sentence. Assistant: A young Asian boy, approximately two years old, is wearing a light blue bib"
moondream2,..\images\random24.png,random24.png,other,0,8896.91,200,User: Describe this image in one concise sentence. Assistant: A young Asian woman with black hair in a ponytail is taking a self
moondream2,..\images\random24.png,random24.png,other,1,8795.73,200,User: Describe this image in one concise sentence. Assistant: A young Asian woman with black hair in a ponytail is taking a self
moondream2,..\images\random24.png,random24.png,other,2,8779.44,200,User: Describe this image in one concise sentence. Assistant: A young Asian woman with black hair in a ponytail is taking a self
moondream2,..\images\random24.png,random24.png,other,3,8740.9,200,User: Describe this image in one concise sentence. Assistant: A young Asian woman with black hair in a ponytail is taking a self
moondream2,..\images\random24.png,random24.png,other,4,8727.34,200,User: Describe this image in one concise sentence. Assistant: A young Asian woman with black hair in a ponytail is taking a self
moondream2,..\images\random25.png,random25.png,other,0,8810.78,200,User: Describe this image in one concise sentence. Assistant: An elderly Asian woman with short black hair and a black beaded necklace sits in
moondream2,..\images\random25.png,random25.png,other,1,8814.53,200,User: Describe this image in one concise sentence. Assistant: An elderly Asian woman with short black hair and a black beaded necklace sits in
moondream2,..\images\random25.png,random25.png,other,2,8796.3,200,User: Describe this image in one concise sentence. Assistant: An elderly Asian woman with short black hair and a black beaded necklace sits in
moondream2,..\images\random25.png,random25.png,other,3,8841.92,200,User: Describe this image in one concise sentence. Assistant: An elderly Asian woman with short black hair and a black beaded necklace sits in
moondream2,..\images\random25.png,random25.png,other,4,8845.41,200,User: Describe this image in one concise sentence. Assistant: An elderly Asian woman with short black hair and a black beaded necklace sits in
moondream2,..\images\random3.png,random3.png,other,0,8831.16,200,"User: Describe this image in one concise sentence. Assistant: A young man with dark skin, dark hair, and glasses is smiling in a"
moondream2,..\images\random3.png,random3.png,other,1,8811.3,200,"User: Describe this image in one concise sentence. Assistant: A young man with dark skin, dark hair, and glasses is smiling in a"
moondream2,..\images\random3.png,random3.png,other,2,8864.36,200,"User: Describe this image in one concise sentence. Assistant: A young man with dark skin, dark hair, and glasses is smiling in a"
moondream2,..\images\random3.png,random3.png,other,3,8826.04,200,"User: Describe this image in one concise sentence. Assistant: A young man with dark skin, dark hair, and glasses is smiling in a"
moondream2,..\images\random3.png,random3.png,other,4,8822.91,200,"User: Describe this image in one concise sentence. Assistant: A young man with dark skin, dark hair, and glasses is smiling in a"
moondream2,..\images\random4.png,random4.png,other,0,8825.79,200,User: Describe this image in one concise sentence. Assistant: A smiling man with short black hair and a gray suit jacket over a white shirt
moondream2,..\images\random4.png,random4.png,other,1,8819.08,200,User: Describe this image in one concise sentence. Assistant: A smiling man with short black hair and a gray suit jacket over a white shirt
moondream2,..\images\random4.png,random4.png,other,2,8767.57,200,User: Describe this image in one concise sentence. Assistant: A smiling man with short black hair and a gray suit jacket over a white shirt
moondream2,..\images\random4.png,random4.png,other,3,9226.1,200,User: Describe this image in one concise sentence. Assistant: A smiling man with short black hair and a gray suit jacket over a white shirt
moondream2,..\images\random4.png,random4.png,other,4,8793.16,200,User: Describe this image in one concise sentence. Assistant: A smiling man with short black hair and a gray suit jacket over a white shirt
moondream2,..\images\random5.png,random5.png,other,0,8861.89,200,User: Describe this image in one concise sentence. Assistant: A young Asian woman with dark hair and a warm smile is elegantly dressed in
moondream2,..\images\random5.png,random5.png,other,1,8701.8,200,User: Describe this image in one concise sentence. Assistant: A young Asian woman with dark hair and a warm smile is elegantly dressed in
moondream2,..\images\random5.png,random5.png,other,2,8753.06,200,User: Describe this image in one concise sentence. Assistant: A young Asian woman with dark hair and a warm smile is elegantly dressed in
moondream2,..\images\random5.png,random5.png,other,3,8828.96,200,User: Describe this image in one concise sentence. Assistant: A young Asian woman with dark hair and a warm smile is elegantly dressed in
moondream2,..\images\random5.png,random5.png,other,4,8712.69,200,User: Describe this image in one concise sentence. Assistant: A young Asian woman with dark hair and a warm smile is elegantly dressed in
moondream2,..\images\random6.png,random6.png,other,0,8797.59,200,User: Describe this image in one concise sentence. Assistant: A young Asian man with short black hair and a slight smile is seated at a
moondream2,..\images\random6.png,random6.png,other,1,8892.51,200,User: Describe this image in one concise sentence. Assistant: A young Asian man with short black hair and a slight smile is seated at a
moondream2,..\images\random6.png,random6.png,other,2,8813.45,200,User: Describe this image in one concise sentence. Assistant: A young Asian man with short black hair and a slight smile is seated at a
moondream2,..\images\random6.png,random6.png,other,3,9792.0,200,User: Describe this image in one concise sentence. Assistant: A young Asian man with short black hair and a slight smile is seated at a
moondream2,..\images\random6.png,random6.png,other,4,8888.33,200,User: Describe this image in one concise sentence. Assistant: A young Asian man with short black hair and a slight smile is seated at a
moondream2,..\images\random7.png,random7.png,other,0,8769.98,200,User: Describe this image in one concise sentence. Assistant: A young Asian boy with short black hair and a slight smile is seated at a
moondream2,..\images\random7.png,random7.png,other,1,8777.2,200,User: Describe this image in one concise sentence. Assistant: A young Asian boy with short black hair and a slight smile is seated at a
moondream2,..\images\random7.png,random7.png,other,2,8898.89,200,User: Describe this image in one concise sentence. Assistant: A young Asian boy with short black hair and a slight smile is seated at a
moondream2,..\images\random7.png,random7.png,other,3,9051.83,200,User: Describe this image in one concise sentence. Assistant: A young Asian boy with short black hair and a slight smile is seated at a
moondream2,..\images\random7.png,random7.png,other,4,8749.31,200,User: Describe this image in one concise sentence. Assistant: A young Asian boy with short black hair and a slight smile is seated at a
moondream2,..\images\random8.png,random8.png,other,0,8886.12,200,"User: Describe this image in one concise sentence. Assistant: A young Asian man with black-framed glasses and a black suit jacket,"
moondream2,..\images\random8.png,random8.png,other,1,8960.3,200,"User: Describe this image in one concise sentence. Assistant: A young Asian man with black-framed glasses and a black suit jacket,"
moondream2,..\images\random8.png,random8.png,other,2,9124.97,200,"User: Describe this image in one concise sentence. Assistant: A young Asian man with black-framed glasses and a black suit jacket,"
moondream2,..\images\random8.png,random8.png,other,3,8915.87,200,"User: Describe this image in one concise sentence. Assistant: A young Asian man with black-framed glasses and a black suit jacket,"
moondream2,..\images\random8.png,random8.png,other,4,8954.41,200,"User: Describe this image in one concise sentence. Assistant: A young Asian man with black-framed glasses and a black suit jacket,"
moondream2,..\images\random9.png,random9.png,other,0,9122.41,200,"User: Describe this image in one concise sentence. Assistant: A young man in a black wetsuit with ""HAIA.IO"""
moondream2,..\images\random9.png,random9.png,other,1,9175.71,200,"User: Describe this image in one concise sentence. Assistant: A young man in a black wetsuit with ""HAIA.IO"""
moondream2,..\images\random9.png,random9.png,other,2,9317.43,200,"User: Describe this image in one concise sentence. Assistant: A young man in a black wetsuit with ""HAIA.IO"""
moondream2,..\images\random9.png,random9.png,other,3,9204.39,200,"User: Describe this image in one concise sentence. Assistant: A young man in a black wetsuit with ""HAIA.IO"""
moondream2,..\images\random9.png,random9.png,other,4,9212.21,200,"User: Describe this image in one concise sentence. Assistant: A young man in a black wetsuit with ""HAIA.IO"""
